PAVEMENT_SECTION,AGE,MAINTENANCE,ACTUAL,PREDICTED,AVG_ABS_DIFF
19_6150,[47],['Asphalt Concrete Overlay'],[0.47670000493526465],[0.6543752551078796],0.17767525017261498
19_1044,"[22, 32]","['Crack Sealing, Patch Pot Holes - Hand Spread, Compacted with Truck', 'AC Shoulder Restoration, Asphalt Concrete Overlay']","[1.7359999775886532, 0.5258999943733216]","[2.0311598777770996, 1.5791513919830322]",0.6742056488990785
19_0103,[11],['Strip Patching (using spreader and distributor to apply hot liquid asphalt and aggregate)'],[1.5162999868392943],[1.407665491104126],0.10863449573516837
19_0102,[11],['Strip Patching (using spreader and distributor to apply hot liquid asphalt and aggregate)'],[2.489599990844726],[2.547624349594116],0.05802435874939027
19_0101,[11],['Strip Patching (using spreader and distributor to apply hot liquid asphalt and aggregate)'],[1.8355999946594241],[1.9113457202911377],0.07574572563171356
19_0105,[11],['Strip Patching (using spreader and distributor to apply hot liquid asphalt and aggregate)'],[1.4460999965667722],[1.7020254135131836],0.25592541694641135
19_0104,[11],['Strip Patching (using spreader and distributor to apply hot liquid asphalt and aggregate)'],[1.330399990081787],[1.3382104635238647],0.007810473442077637
19_0106,[11],['Strip Patching (using spreader and distributor to apply hot liquid asphalt and aggregate)'],[1.3090999960899352],[1.3049381971359253],0.004161798954009921
19_0108,[11],['Strip Patching (using spreader and distributor to apply hot liquid asphalt and aggregate)'],[1.606700026988983],[1.7458877563476562],0.13918772935867318
19_0109,[11],['Strip Patching (using spreader and distributor to apply hot liquid asphalt and aggregate)'],[1.1692999958992003],[0.9856528043746948],0.18364719152450548
19_0111,[11],['Strip Patching (using spreader and distributor to apply hot liquid asphalt and aggregate)'],[1.230799996852875],[1.2327485084533691],0.0019485116004942515
19_0110,[11],['Strip Patching (using spreader and distributor to apply hot liquid asphalt and aggregate)'],[1.405500018596649],[1.6757092475891113],0.27020922899246225
19_0107,[11],['Strip Patching (using spreader and distributor to apply hot liquid asphalt and aggregate)'],[1.127300000190735],[1.1506037712097168],0.023303771018981845
19_6049,"[34, 38]","['Machine Premix Patch (placing premix with paver roller), Strip Patching (using spreader and distributor to apply hot liquid asphalt and aggregate)', 'Crack Sealing, Patch Pot Holes - Hand Spread, Compacted with Truck']","[2.092000019550324, 2.192799985408783]","[2.1770858764648438, 3.180541515350342]",0.5364136934280392
19_0112,[11],['Strip Patching (using spreader and distributor to apply hot liquid asphalt and aggregate)'],[1.0604999899864196],[1.145996332168579],0.08549634218215951
19_0159,[12],['Manual Premix Spot Patch (hand spreading and compacting with roller)'],[0.9920999884605408],[0.9966312646865845],0.004531276226043657
19_A310,[40],['Asphalt Concrete Overlay'],[0.8093999922275542],[0.563239336013794],0.24616065621376026
19_A320,[40],['Slurry Seal Coat'],[1.570899999141693],[1.2650024890899658],0.30589751005172716
19_A330,[40],['Crack Sealing'],[1.0645999908447263],[1.1889312267303467],0.12433123588562034
19_A350,[40],['Aggregate Seal Coat'],[1.7902999997138969],[1.6208266019821167],0.16947339773178016
