PAVEMENT_SECTION,ACTUAL,PREDICTED
19_6150,"[1.2574999928474428, 1.2219000101089477, 1.3447999954223635, 1.3099000215530396, 1.272000014781952, 1.830400002002716, 0.4873999983072281, 0.49370000958442695, 0.4894999980926514, 0.5140000104904174, 0.5297000050544737, 0.6358999967575073, 0.7296000063419342]","[1.2514601945877075, 1.2497931718826294, 1.3672548532485962, 1.3475180864334106, 1.2987167835235596, 0.5333020687103271, 0.5368534922599792, 0.5400736331939697, 0.5388486981391907, 0.5785427689552307, 0.5925713777542114, 0.6867845058441162, 0.7772908210754395]"
19_1044,"[1.6363000035285948, 1.9748000025749208, 1.8448999762535088, 1.8466999888420106, 4.555399990081787, 4.714800000190736, 4.565799951553345, 4.527899980545045]","[1.6726113557815552, 1.773531436920166, 1.8862117528915405, 4.162316799163818, 4.381864547729492, 4.506075859069824, 4.44044828414917, 1.5079234838485718]"
19_0103,"[0.7121000051498413, 0.8116999924182892, 1.0161999940872193, 1.019499999284744, 1.0783000171184538, 1.102100002765655, 1.1784000039100648, 1.3556000113487243, 1.401200020313263, 1.5098999977111816]","[0.7598472833633423, 0.8361881375312805, 1.043251872062683, 1.0368072986602783, 1.108586311340332, 1.1158955097198486, 1.2053205966949463, 1.5742803812026978, 1.4468557834625244, 1.593495488166809]"
19_0102,"[0.8805000126361848, 1.138200008869171, 1.3536000251770022, 1.6355999827384948, 1.9335999727249145, 2.153400027751923, 2.318200016021729, 2.851200032234192, 2.450600004196167, 2.915799975395202]","[0.9304312467575073, 1.1927058696746826, 1.425032615661621, 1.7298158407211304, 2.0638210773468018, 2.2991087436676025, 2.4900686740875244, 2.6278984546661377, 2.6487362384796143, 3.1837477684020996]"
19_0101,"[1.1915000081062317, 1.3405999898910526, 1.4860000014305117, 1.552499997615814, 1.6514999985694887, 1.727899992465973, 1.7585999965667722, 1.9767999887466428, 1.8338999986648563, 2.1775999784469606]","[1.2240397930145264, 1.3854056596755981, 1.543843388557434, 1.6124340295791626, 1.72175133228302, 1.8002294301986694, 1.8443411588668823, 1.9086121320724487, 1.935687780380249, 2.347902297973633]"
19_0105,"[1.0320000112056733, 1.13400000333786, 1.3353000044822692, 1.344500017166138, 1.3677999973297121, 1.427599990367889, 1.436499989032746, 1.6780000030994415, 1.4590000033378603, 1.6552999854087829]","[1.0746616125106812, 1.1647638082504272, 1.3786312341690063, 1.3820245265960693, 1.4223076105117798, 1.4679200649261475, 1.4868870973587036, 1.4989417791366577, 1.512113094329834, 1.7599784135818481]"
19_0104,"[0.8033999979496003, 0.9072000026702879, 1.0558999955654143, 1.0180000007152559, 1.107100009918213, 1.1724000096321106, 1.2069999933242799, 1.3727999925613406, 1.2726999878883365, 1.4221000075340269]","[0.8482973575592041, 0.9218682050704956, 1.0726951360702515, 1.023447036743164, 1.1275609731674194, 1.177173376083374, 1.2240705490112305, 1.3670313358306885, 1.2944124937057495, 1.4879379272460938]"
19_0106,"[0.9089000046253204, 0.9566999912261964, 1.160800004005432, 1.1100999832153322, 1.1554999828338626, 1.2085999727249148, 1.1887999892234802, 1.3139999985694881, 1.2409000039100644, 1.3673000097274777]","[0.9504443407058716, 0.9711207151412964, 1.1807175874710083, 1.1184428930282593, 1.1786705255508423, 1.2158912420272827, 1.2047665119171143, 1.3444314002990723, 1.259900689125061, 1.426425576210022]"
19_0108,"[0.7894999861717225, 0.8109000027179719, 1.0077000081539154, 1.2097000122070314, 1.388499987125397, 1.4969999909400944, 1.5573000073432923, 1.7799000144004824, 1.6530999779701232, 1.913000035285949]","[0.8353894352912903, 0.8297463059425354, 1.0273457765579224, 1.2278633117675781, 1.4357094764709473, 1.5363346338272095, 1.6156104803085327, 1.6714509725570679, 1.726539969444275, 2.0621190071105957]"
19_0109,"[0.7896000027656556, 0.7824000000953675, 0.9470999956130981, 0.8214999973773955, 0.8472999930381774, 0.8558000028133393, 0.8675999939441681, 0.899099999666214, 1.049799996614456, 0.9682000100612639]","[0.8370708227157593, 0.7990280985832214, 0.9620218873023987, 0.8248123526573181, 0.8607774376869202, 0.8493948578834534, 0.8694733381271362, 1.1977086067199707, 1.054853081703186, 0.991340160369873]"
19_0111,"[0.8157999932765961, 0.8705999970436097, 1.0383000016212462, 1.0984000086784362, 1.159000027179718, 1.1593000173568726, 1.2091000199317934, 1.2432000041007993, 1.2806000113487246]","[0.8619993329048157, 0.8935224413871765, 1.0578203201293945, 1.1293997764587402, 1.1760450601577759, 1.1855069398880005, 1.269476056098938, 1.2742637395858765, 1.3394743204116821]"
19_0110,"[0.9574999988079069, 1.0766999959945676, 1.3044000029563907, 1.4226999998092649, 1.4959999918937683, 1.5275000095367433, 1.6524000167846677, 1.5403000116348269, 1.7598000049591065]","[0.9951534867286682, 1.0878149271011353, 1.320164442062378, 1.458095908164978, 1.5176078081130981, 1.5640077590942383, 1.4401894807815552, 1.5804224014282227, 1.8620415925979614]"
19_0107,"[0.9852000057697295, 1.1706999897956847, 1.1006999969482423, 1.1667000055313113, 1.1282999992370608, 1.1415000081062319, 1.1488000035285948, 1.1784000039100648, 1.2070000052452086]","[1.0255578756332397, 1.1949079036712646, 1.1128935813903809, 1.191808819770813, 1.1302520036697388, 1.149806261062622, 1.1494989395141602, 1.1897813081741333, 1.238765835762024]"
19_6049,"[1.5117999792099002, 1.6325000047683718, 1.4006999850273136, 1.697599995136261, 2.12610000371933, 2.144800007343292, 2.125599980354309]","[1.5502132177352905, 1.6309566497802734, 1.7149800062179565, 2.08322811126709, 2.182945489883423, 2.160715103149414, 2.113755226135254]"
19_0112,"[0.7335999906063079, 0.8304000079631806, 0.9553000032901764, 0.9819000005722044, 1.0459000170230865, 1.0540000081062317, 1.126900005340576, 1.0609999835491177, 1.04549999833107]","[0.7847477793693542, 0.8543144464492798, 0.9725078344345093, 1.008715033531189, 1.0586384534835815, 1.0766838788986206, 1.092758059501648, 1.0793206691741943, 1.0852210521697998]"
19_0159,"[0.6851999938488007, 0.7386999964714048, 0.7570999920368194, 0.7494999945163727, 0.7918999969959258, 0.8909999966621399, 0.8824999988079071]","[0.7401672005653381, 0.7552622556686401, 0.7804974317550659, 0.7554532885551453, 0.8068283796310425, 0.9198862314224243, 1.0317960977554321]"
19_A310,"[0.8093999922275543, 0.7848000049591064, 0.7585999965667725, 0.7119000136852265, 0.9558000087738036]","[0.8394302725791931, 0.8147474527359009, 0.7963797450065613, 0.7424799203872681, 1.0004403591156006]"
19_A320,"[1.570899999141693, 1.654900002479553, 1.5093000054359436, 1.496599984169006, 1.7942999958992003]","[1.6232222318649292, 1.6975321769714355, 1.5644699335098267, 1.5422403812408447, 1.8859858512878418]"
19_A330,"[1.0645999908447266, 1.1013000011444094, 1.0519000053405763, 1.0457000017166136, 1.3626999974250795]","[1.0883759260177612, 1.1197150945663452, 1.0805176496505737, 1.0659785270690918, 1.4127675294876099]"
19_A340,"[1.599400007724762, 1.6189000129699709, 1.6438999891281125, 1.7215000033378602]","[1.596946120262146, 1.6684297323226929, 1.678497314453125, 1.787611484527588]"
19_A350,"[1.7902999997138973, 1.884600007534027, 1.788000011444092]","[1.8497475385665894, 1.9295437335968018, 1.8568252325057983]"
