STATE_CODE_EXP,SHRP_ID
Alabama,52
Alaska,6
Alberta,14
Arizona,77
Arkansas,19
British Columbia,4
California,57
Colorado,30
Connecticut,1
Delaware,15
District of Columbia,1
Florida,72
Georgia,27
Hawaii,4
Idaho,22
Illinois,13
Indiana,10
Iowa,21
Kansas,33
Kentucky,15
Louisiana,13
Maine,15
Manitoba,24
Maryland,25
Massachusetts,3
Michigan,43
Minnesota,48
Mississippi,28
Missouri,38
Montana,33
Nebraska,22
Nevada,39
New Brunswick,3
New Hampshire,1
New Jersey,19
New Mexico,37
New York,21
Newfoundland,3
North Carolina,16
North Dakota,1
Nova Scotia,1
Ohio,16
Oklahoma,53
Ontario,31
Oregon,8
Pennsylvania,16
Prince Edward Island,3
Puerto Rico,2
Quebec,15
Saskatchewan,20
South Carolina,4
South Dakota,6
Tennessee,28
Texas,162
Utah,33
Vermont,4
Virginia,27
Washington,28
West Virginia,1
Wisconsin,12
Wyoming,23
